imagem_0,0.00,1.00,2.74
imagem_1,0.00,1.00,3.94
imagem_2,0.00,1.00,5.04
imagem_3,0.00,1.00,6.14
imagem_4,0.00,1.00,7.23
imagem_5,0.00,1.00,8.32
imagem_6,0.00,1.00,9.42
imagem_7,0.00,0.00,10.51
imagem_8,0.00,0.00,11.61
imagem_9,0.00,0.00,12.70
imagem_10,0.00,0.00,13.80
imagem_11,0.00,0.00,14.89
imagem_12,0.00,0.00,15.99
imagem_13,0.00,0.00,16.20
imagem_14,0.00,0.00,16.09
imagem_15,0.00,0.00,16.15
imagem_16,0.00,0.00,16.12
imagem_17,0.00,0.00,16.13
imagem_18,0.00,0.00,16.13
imagem_19,0.00,0.00,16.13
imagem_20,0.00,0.00,16.13
imagem_21,0.00,0.00,16.13
imagem_22,0.00,0.00,16.13
imagem_23,0.00,0.00,16.13
imagem_24,0.00,0.00,16.13
imagem_25,0.00,0.00,16.13
imagem_26,0.00,0.00,16.13
imagem_27,0.00,0.00,16.13
imagem_28,0.00,0.00,16.13
imagem_29,0.00,0.00,16.13
imagem_30,0.00,0.00,16.13
imagem_31,0.00,0.00,16.13
imagem_32,0.00,0.00,16.13
imagem_33,0.00,0.00,16.13
imagem_34,0.00,0.00,16.13
imagem_35,0.00,1.00,16.13
imagem_36,0.00,1.00,16.67
imagem_37,0.00,1.00,17.46
imagem_38,0.00,1.00,18.56
imagem_39,0.00,1.00,19.86
imagem_40,0.00,1.00,21.23
imagem_41,0.00,1.00,22.35
imagem_42,0.00,1.00,23.44
imagem_43,0.00,0.00,24.54
imagem_44,0.00,0.00,25.63
imagem_45,0.00,0.00,26.05
imagem_46,0.00,0.00,25.84
imagem_47,0.00,0.00,25.95
imagem_48,0.00,0.00,25.90
imagem_49,0.00,0.00,25.92
imagem_50,0.00,0.00,25.91
imagem_51,0.00,0.00,25.91
imagem_52,0.00,0.00,25.91
imagem_53,0.00,0.00,25.91
imagem_54,0.00,0.00,25.91
imagem_55,0.00,0.00,25.91
imagem_56,0.00,0.00,25.91
imagem_57,0.00,0.00,25.91
imagem_58,0.00,0.00,25.91
imagem_59,0.00,0.00,25.91
imagem_60,0.00,0.00,25.91
imagem_61,0.00,0.00,25.91
imagem_62,0.00,0.00,25.91
imagem_63,0.00,0.00,25.91
imagem_64,0.00,0.00,25.91
imagem_65,0.00,0.00,25.91
imagem_66,0.00,0.00,25.91
imagem_67,0.00,0.00,25.91
imagem_68,0.00,0.00,25.91
imagem_69,0.00,0.00,25.91
imagem_70,0.00,0.00,25.91
imagem_71,0.00,0.00,25.91
imagem_72,0.00,0.00,25.91
imagem_73,0.00,0.00,25.91
imagem_74,0.00,0.00,25.91
imagem_75,0.00,0.00,25.91
imagem_76,0.00,0.00,25.91
imagem_77,0.00,0.00,25.91
imagem_78,0.00,0.00,25.91
imagem_79,0.00,0.00,25.91
imagem_80,0.00,0.00,25.91
imagem_81,0.00,0.00,25.91
imagem_82,0.00,0.00,25.91
imagem_83,0.00,0.00,25.91
imagem_84,0.00,0.00,25.91
imagem_85,0.00,0.00,25.91
imagem_86,0.00,0.00,25.91
imagem_87,0.00,0.00,25.91
imagem_88,0.00,0.00,25.91
imagem_89,0.00,0.00,25.91
imagem_90,0.00,0.00,25.91
imagem_91,0.00,0.00,25.91
imagem_92,0.00,0.00,25.91
imagem_93,0.00,0.00,25.91
imagem_94,0.00,0.00,25.91
imagem_95,0.00,0.00,25.91
imagem_96,0.00,0.00,25.91
imagem_97,0.00,0.00,25.91
imagem_98,0.00,0.00,25.91
imagem_99,0.00,0.00,25.91
imagem_100,0.00,0.00,25.91
imagem_101,-1.00,0.00,25.91
imagem_102,-1.00,0.00,25.91
imagem_103,-1.00,0.00,25.89
imagem_104,-1.00,0.00,25.82
imagem_105,-1.00,0.00,25.71
imagem_106,0.00,0.00,25.53
imagem_107,0.00,0.00,25.32
imagem_108,0.00,0.00,25.42
imagem_109,0.00,0.00,25.54
imagem_110,0.00,0.00,25.58
imagem_111,0.00,0.00,25.66
imagem_112,0.00,0.00,25.66
imagem_113,0.00,0.00,25.66
imagem_114,0.00,0.00,25.66
imagem_115,-1.00,0.00,25.66
imagem_116,-1.00,0.00,25.66
imagem_117,-1.00,0.00,25.64
imagem_118,-1.00,0.00,25.56
imagem_119,-1.00,0.00,25.47
imagem_120,-1.00,0.00,25.29
imagem_121,-1.00,0.00,25.09
imagem_122,-1.00,0.00,24.89
imagem_123,-1.00,0.00,24.74
imagem_124,0.00,0.00,24.71
imagem_125,0.00,0.00,24.60
imagem_126,0.00,0.00,24.78
imagem_127,0.00,0.00,24.89
imagem_128,0.00,0.00,25.00
imagem_129,0.00,0.00,25.09
imagem_130,0.00,0.00,25.14
imagem_131,0.00,0.00,25.15
imagem_132,0.00,0.00,25.14
imagem_133,-1.00,0.00,25.14
imagem_134,-1.00,0.00,25.14
imagem_135,-1.00,0.00,25.13
imagem_136,-1.00,0.00,25.06
imagem_137,-1.00,0.00,24.95
imagem_138,-1.00,0.00,24.79
imagem_139,0.00,0.00,24.58
imagem_140,0.00,0.00,24.38
imagem_141,0.00,0.00,24.42
imagem_142,0.00,0.00,24.59
imagem_143,0.00,0.00,24.64
imagem_144,0.00,0.00,24.76
imagem_145,0.00,0.00,24.79
imagem_146,0.00,0.00,24.82
imagem_147,0.00,0.00,24.81
imagem_148,0.00,1.00,24.81
imagem_149,0.00,1.00,25.18
imagem_150,0.00,1.00,25.73
imagem_151,0.00,1.00,26.53
imagem_152,0.00,1.00,27.51
imagem_153,0.00,1.00,28.67
imagem_154,0.00,1.00,29.98
imagem_155,0.00,0.00,31.18
imagem_156,0.00,0.00,30.82
imagem_157,0.00,0.00,31.00
imagem_158,0.00,0.00,30.91
imagem_159,1.00,0.00,30.95
imagem_160,1.00,0.00,30.93
imagem_161,1.00,0.00,30.92
imagem_162,1.00,0.00,30.82
imagem_163,1.00,0.00,30.70
imagem_164,0.00,0.00,30.49
imagem_165,0.00,0.00,30.34
imagem_166,0.00,0.00,30.30
imagem_167,0.00,0.00,30.51
imagem_168,0.00,0.00,30.52
imagem_169,0.00,0.00,30.63
imagem_170,0.00,0.00,30.62
imagem_171,0.00,0.00,30.63
imagem_172,0.00,0.00,30.62
imagem_173,0.00,0.00,30.62
imagem_174,0.00,0.00,30.62
imagem_175,0.00,0.00,30.62
imagem_176,0.00,0.00,30.62
imagem_177,0.00,0.00,30.62
imagem_178,0.00,0.00,30.62
imagem_179,0.00,0.00,30.62
imagem_180,0.00,0.00,30.62
imagem_181,0.00,0.00,30.62
imagem_182,0.00,0.00,30.62
imagem_183,0.00,0.00,30.62
imagem_184,0.00,1.00,30.62
imagem_185,0.00,1.00,30.93
imagem_186,0.00,1.00,31.38
imagem_187,0.00,1.00,32.05
imagem_188,0.00,1.00,32.88
imagem_189,0.00,1.00,33.88
imagem_190,0.00,1.00,35.02
imagem_191,0.00,1.00,36.28
imagem_192,0.00,1.00,37.48
imagem_193,0.00,1.00,38.59
imagem_194,0.00,1.00,39.68
imagem_195,0.00,1.00,40.77
imagem_196,0.00,1.00,41.87
imagem_197,0.00,0.00,42.96
imagem_198,0.00,0.00,44.06
imagem_199,0.00,0.00,44.60
imagem_200,0.00,0.00,44.33
imagem_201,0.00,0.00,44.46
imagem_202,0.00,0.00,44.40
imagem_203,-1.00,0.00,44.43
imagem_204,-1.00,0.00,44.41
imagem_205,-1.00,0.00,44.39
imagem_206,-1.00,0.00,44.26
imagem_207,0.00,0.00,44.15
imagem_208,0.00,0.00,44.02
imagem_209,0.00,0.00,43.84
imagem_210,0.00,0.00,44.07
imagem_211,0.00,0.00,44.08
imagem_212,0.00,0.00,44.14
imagem_213,0.00,0.00,44.11
imagem_214,1.00,0.00,44.12
imagem_215,1.00,0.00,44.12
imagem_216,1.00,0.00,44.09
imagem_217,1.00,0.00,43.95
imagem_218,1.00,0.00,43.84
imagem_219,0.00,0.00,43.71
imagem_220,0.00,0.00,43.50
imagem_221,0.00,0.00,43.46
imagem_222,0.00,0.00,43.29
imagem_223,0.00,0.00,43.54
imagem_224,0.00,0.00,43.55
imagem_225,0.00,0.00,43.61
imagem_226,0.00,0.00,43.58
imagem_227,0.00,0.00,43.60
imagem_228,0.00,0.00,43.59
imagem_229,0.00,0.00,43.59
imagem_230,0.00,0.00,43.59
imagem_231,0.00,0.00,43.59
imagem_232,0.00,0.00,43.59
imagem_233,0.00,1.00,43.59
imagem_234,0.00,1.00,43.81
imagem_235,0.00,1.00,44.14
imagem_236,0.00,1.00,44.63
imagem_237,0.00,1.00,45.25
imagem_238,0.00,1.00,45.99
imagem_239,0.00,1.00,46.86
imagem_240,0.00,0.00,47.85
imagem_241,0.00,0.00,47.36
imagem_242,0.00,0.00,47.60
imagem_243,-1.00,0.00,47.48
imagem_244,-1.00,0.00,47.54
imagem_245,-1.00,0.00,47.49
imagem_246,0.00,0.00,47.56
imagem_247,0.00,0.00,47.41
imagem_248,0.00,0.00,47.29
imagem_249,0.00,0.00,47.34
imagem_250,0.00,0.00,47.37
imagem_251,0.00,0.00,47.36
imagem_252,0.00,0.00,47.36
imagem_253,0.00,0.00,47.36
imagem_254,0.00,0.00,47.36
imagem_255,0.00,0.00,47.36
imagem_256,0.00,0.00,47.36
imagem_257,0.00,0.00,47.36
imagem_258,0.00,0.00,47.36
imagem_259,0.00,0.00,47.36
imagem_260,-1.00,0.00,47.36
imagem_261,-1.00,0.00,47.36
imagem_262,-1.00,0.00,47.32
imagem_263,-1.00,0.00,47.27
imagem_264,-1.00,0.00,47.17
imagem_265,-1.00,0.00,47.09
imagem_266,0.00,0.00,46.96
imagem_267,0.00,0.00,46.82
imagem_268,0.00,0.00,46.72
imagem_269,0.00,0.00,46.73
imagem_270,0.00,0.00,46.62
imagem_271,0.00,0.00,46.41
imagem_272,0.00,0.00,46.65
imagem_273,0.00,0.00,46.59
imagem_274,0.00,0.00,46.62
imagem_275,0.00,0.00,46.61
imagem_276,0.00,0.00,46.61
imagem_277,1.00,0.00,46.61
imagem_278,1.00,0.00,46.61
imagem_279,1.00,0.00,46.58
imagem_280,1.00,0.00,46.45
imagem_281,1.00,0.00,46.33
imagem_282,1.00,0.00,46.20
imagem_283,0.00,0.00,46.00
imagem_284,0.00,0.00,45.80
imagem_285,0.00,0.00,45.69
imagem_286,0.00,0.00,45.55
imagem_287,0.00,0.00,45.44
imagem_288,0.00,0.00,45.68
imagem_289,0.00,0.00,45.71
imagem_290,0.00,0.00,45.77
imagem_291,0.00,0.00,45.74
imagem_292,0.00,0.00,45.75
imagem_293,0.00,0.00,45.74
imagem_294,0.00,0.00,45.75
imagem_295,-1.00,0.00,45.74
imagem_296,-1.00,0.00,45.75
imagem_297,-1.00,0.00,45.71
imagem_298,-1.00,0.00,45.58
imagem_299,-1.00,0.00,45.47
imagem_300,0.00,0.00,45.34
imagem_301,0.00,0.00,45.14
imagem_302,0.00,0.00,45.10
imagem_303,0.00,0.00,44.88
imagem_304,0.00,0.00,45.16
imagem_305,0.00,0.00,45.16
imagem_306,0.00,0.00,45.23
imagem_307,0.00,0.00,45.19
imagem_308,0.00,0.00,45.21
imagem_309,1.00,0.00,45.20
imagem_310,1.00,0.00,45.20
imagem_311,1.00,0.00,45.17
imagem_312,1.00,0.00,45.04
imagem_313,1.00,0.00,44.93
imagem_314,0.00,0.00,44.79
imagem_315,0.00,0.00,44.59
imagem_316,0.00,0.00,44.55
imagem_317,0.00,0.00,44.34
imagem_318,0.00,0.00,44.62
imagem_319,0.00,0.00,44.61
imagem_320,0.00,0.00,44.68
imagem_321,0.00,0.00,44.65
imagem_322,0.00,0.00,44.67
imagem_323,0.00,0.00,44.66
imagem_324,0.00,0.00,44.66
imagem_325,0.00,0.00,44.66
imagem_326,0.00,0.00,44.66
imagem_327,0.00,0.00,44.66
imagem_328,1.00,0.00,44.66
imagem_329,1.00,0.00,44.66
imagem_330,1.00,0.00,44.63
imagem_331,1.00,0.00,44.50
imagem_332,1.00,0.00,44.39
imagem_333,0.00,0.00,44.26
imagem_334,0.00,0.00,44.06
imagem_335,0.00,0.00,43.99
imagem_336,0.00,0.00,43.85
imagem_337,0.00,0.00,44.10
imagem_338,0.00,0.00,44.11
imagem_339,0.00,0.00,44.18
imagem_340,0.00,0.00,44.15
imagem_341,0.00,0.00,44.16
imagem_342,0.00,0.00,44.15
imagem_343,0.00,0.00,44.16
imagem_344,0.00,0.00,44.15
imagem_345,0.00,1.00,44.15
imagem_346,0.00,1.00,44.37
imagem_347,0.00,1.00,44.70
imagem_348,0.00,1.00,45.18
imagem_349,0.00,1.00,45.79
imagem_350,0.00,0.00,46.53
imagem_351,0.00,0.00,46.16
imagem_352,0.00,0.00,46.35
imagem_353,0.00,0.00,46.25
imagem_354,0.00,0.00,46.30
imagem_355,0.00,0.00,46.28
imagem_356,0.00,0.00,46.29
imagem_357,0.00,0.00,46.28
imagem_358,0.00,0.00,46.29
imagem_359,0.00,0.00,46.28
imagem_360,0.00,0.00,46.29
imagem_361,0.00,0.00,46.28
imagem_362,0.00,0.00,46.28
imagem_363,0.00,0.00,46.28
imagem_364,0.00,0.00,46.28
imagem_365,0.00,0.00,46.28
imagem_366,0.00,0.00,46.28
imagem_367,0.00,0.00,46.28
imagem_368,0.00,0.00,46.28
imagem_369,0.00,0.00,46.28
imagem_370,0.00,0.00,46.28
imagem_371,0.00,0.00,46.28
imagem_372,0.00,0.00,46.28
imagem_373,-1.00,0.00,46.28
imagem_374,-1.00,0.00,46.28
imagem_375,-1.00,0.00,46.25
imagem_376,-1.00,0.00,46.12
imagem_377,-1.00,0.00,46.01
imagem_378,-1.00,0.00,45.88
imagem_379,-1.00,0.00,45.68
imagem_380,-1.00,0.00,45.48
imagem_381,-1.00,0.00,45.31
imagem_382,-1.00,0.00,45.13
imagem_383,-1.00,0.00,44.95
imagem_384,-1.00,0.00,44.76
imagem_385,-1.00,0.00,44.58
imagem_386,-1.00,0.00,44.40
imagem_387,-1.00,0.00,44.23
imagem_388,-1.00,0.00,44.05
imagem_389,-1.00,0.00,43.88
imagem_390,-1.00,0.00,43.72
imagem_391,-1.00,0.00,43.55
imagem_392,-1.00,0.00,43.39
imagem_393,-1.00,0.00,43.23
imagem_394,-1.00,0.00,43.07
imagem_395,-1.00,0.00,42.91
imagem_396,-1.00,0.00,42.76
imagem_397,-1.00,0.00,42.61
imagem_398,-1.00,0.00,42.46
imagem_399,0.00,0.00,42.31
imagem_400,0.00,0.00,42.16
imagem_401,0.00,0.00,42.16
imagem_402,0.00,0.00,42.25
imagem_403,0.00,0.00,42.45
imagem_404,0.00,0.00,42.58
imagem_405,0.00,0.00,42.67
imagem_406,1.00,0.00,42.68
imagem_407,1.00,0.00,42.67
imagem_408,1.00,0.00,42.64
imagem_409,1.00,0.00,42.79
imagem_410,1.00,0.00,42.51
imagem_411,1.00,0.00,42.50
imagem_412,1.00,0.00,42.30
imagem_413,1.00,0.00,42.15
imagem_414,1.00,0.00,42.03
imagem_415,0.00,0.00,41.89
imagem_416,0.00,0.00,41.75
imagem_417,0.00,0.00,41.65
imagem_418,0.00,0.00,41.52
imagem_419,0.00,0.00,41.27
imagem_420,0.00,0.00,41.50
imagem_421,0.00,0.00,41.51
imagem_422,0.00,0.00,41.55
imagem_423,-1.00,0.00,41.53
imagem_424,-1.00,0.00,41.54
imagem_425,-1.00,0.00,41.50
imagem_426,-1.00,0.00,41.38
imagem_427,-1.00,0.00,41.27
imagem_428,-1.00,0.00,41.10
imagem_429,0.00,0.00,40.92
imagem_430,0.00,0.00,40.71
imagem_431,0.00,0.00,40.62
imagem_432,0.00,0.00,40.37
imagem_433,0.00,0.00,40.57
imagem_434,0.00,0.00,40.65
imagem_435,0.00,0.00,40.76
imagem_436,0.00,0.00,40.77
imagem_437,0.00,0.00,40.77
imagem_438,0.00,0.00,40.77
imagem_439,0.00,0.00,40.76
imagem_440,1.00,0.00,40.76
imagem_441,1.00,0.00,40.76
imagem_442,1.00,0.00,40.74
imagem_443,1.00,0.00,40.73
imagem_444,1.00,0.00,40.51
imagem_445,1.00,0.00,40.51
imagem_446,1.00,0.00,40.48
imagem_447,1.00,0.00,40.36
imagem_448,1.00,0.00,40.23
imagem_449,1.00,0.00,40.06
imagem_450,1.00,0.00,40.06
imagem_451,1.00,0.00,40.04
imagem_452,1.00,0.00,39.92
imagem_453,1.00,0.00,39.78
imagem_454,1.00,0.00,39.67
imagem_455,1.00,0.00,39.46
imagem_456,1.00,0.00,39.27
imagem_457,1.00,0.00,39.10
imagem_458,1.00,0.00,38.92
imagem_459,1.00,0.00,38.74
imagem_460,1.00,0.00,38.58
imagem_461,1.00,0.00,38.42
imagem_462,1.00,0.00,38.63
imagem_463,1.00,0.00,38.63
imagem_464,-1.00,0.00,38.57
imagem_465,-1.00,0.00,38.57
imagem_466,-1.00,0.00,38.55
imagem_467,-1.00,0.00,38.43
imagem_468,1.00,0.00,38.31
imagem_469,1.00,0.00,38.33
imagem_470,1.00,0.00,38.29
imagem_471,1.00,0.00,38.18
imagem_472,1.00,0.00,38.04
imagem_473,-1.00,0.00,37.87
imagem_474,-1.00,0.00,37.88
imagem_475,-1.00,0.00,37.85
imagem_476,-1.00,0.00,37.74
imagem_477,-1.00,0.00,37.60
imagem_478,-1.00,0.00,37.45
imagem_479,-1.00,0.00,37.26
imagem_480,-1.00,0.00,37.05
imagem_481,-1.00,0.00,36.90
imagem_482,-1.00,0.00,36.70
imagem_483,-1.00,0.00,36.54
imagem_484,-1.00,0.00,36.36
imagem_485,-1.00,0.00,36.23
imagem_486,-1.00,0.00,36.49
imagem_487,-1.00,0.00,36.49
imagem_488,-1.00,0.00,36.46
imagem_489,-1.00,0.00,36.36
imagem_490,-1.00,0.00,36.21
imagem_491,-1.00,0.00,36.08
imagem_492,1.00,0.00,35.91
imagem_493,1.00,0.00,35.91
imagem_494,1.00,0.00,35.88
imagem_495,1.00,0.00,35.77
imagem_496,1.00,0.00,35.61
imagem_497,-1.00,0.00,35.47
imagem_498,-1.00,0.00,35.47
imagem_499,-1.00,0.00,35.44
imagem_500,-1.00,0.00,35.34
imagem_501,-1.00,0.00,35.18
imagem_502,-1.00,0.00,35.05
imagem_503,-1.00,0.00,34.86
imagem_504,-1.00,0.00,34.66
imagem_505,-1.00,0.00,34.49
imagem_506,-1.00,0.00,34.30
imagem_507,-1.00,0.00,34.51
imagem_508,-1.00,0.00,34.51
imagem_509,-1.00,0.00,34.49
imagem_510,-1.00,0.00,34.39
imagem_511,-1.00,0.00,34.30
imagem_512,-1.00,0.00,34.30
imagem_513,-1.00,0.00,34.28
imagem_514,-1.00,0.00,34.18
imagem_515,-1.00,0.00,34.18
imagem_516,-1.00,0.00,34.16
imagem_517,-1.00,0.00,34.06
imagem_518,-1.00,0.00,33.92
imagem_519,-1.00,0.00,33.76
imagem_520,1.00,0.00,33.64
imagem_521,1.00,0.00,33.64
imagem_522,1.00,0.00,33.62
imagem_523,1.00,0.00,33.52
imagem_524,1.00,0.00,33.43
imagem_525,1.00,0.00,33.43
imagem_526,1.00,0.00,33.41
imagem_527,1.00,0.00,33.31
imagem_528,1.00,0.00,33.17
imagem_529,1.00,0.00,33.00
imagem_530,1.00,0.00,32.92
imagem_531,1.00,0.00,32.90
imagem_532,1.00,0.00,32.89
imagem_533,1.00,0.00,32.79
imagem_534,1.00,0.00,32.66
imagem_535,-1.00,0.00,32.63
imagem_536,-1.00,0.00,32.63
imagem_537,-1.00,0.00,32.61
imagem_538,-1.00,0.00,32.51
imagem_539,1.00,0.00,32.29
imagem_540,1.00,0.00,32.29
imagem_541,1.00,0.00,32.27
imagem_542,1.00,0.00,32.17
imagem_543,1.00,0.00,32.02
imagem_544,1.00,0.00,31.57
imagem_545,1.00,0.00,31.57
imagem_546,1.00,0.00,31.55
imagem_547,1.00,0.00,31.45
imagem_548,-1.00,0.00,29.95
imagem_549,-1.00,0.00,29.86
imagem_550,-1.00,0.00,29.79
imagem_551,-1.00,0.00,29.73
imagem_552,-1.00,0.00,29.67
imagem_553,-1.00,0.00,29.61
imagem_554,0.00,0.00,29.55
imagem_555,0.00,0.00,29.50
imagem_556,0.00,0.00,29.66
imagem_557,0.00,0.00,29.85
imagem_558,0.00,0.00,29.97
imagem_559,-1.00,0.00,29.92
imagem_560,-1.00,0.00,29.71
imagem_561,-1.00,0.00,29.56
imagem_562,-1.00,0.00,29.36
imagem_563,-1.00,0.00,29.18
imagem_564,0.00,0.00,29.06
imagem_565,0.00,0.00,28.96
imagem_566,0.00,0.00,29.06
imagem_567,0.00,0.00,29.23
imagem_568,0.00,0.00,29.33
imagem_569,0.00,0.00,29.45
imagem_570,0.00,0.00,29.50
imagem_571,0.00,0.00,29.51
imagem_572,0.00,0.00,29.50
imagem_573,0.00,0.00,29.50
imagem_574,0.00,0.00,29.50
imagem_575,0.00,0.00,29.50
imagem_576,0.00,0.00,29.50
imagem_577,0.00,0.00,29.50
imagem_578,0.00,0.00,29.50
imagem_579,0.00,0.00,29.50
imagem_580,-1.00,0.00,29.50
imagem_581,-1.00,0.00,29.50
imagem_582,-1.00,0.00,29.48
imagem_583,-1.00,0.00,29.39
imagem_584,-1.00,0.00,29.27
imagem_585,-1.00,0.00,29.07
imagem_586,0.00,0.00,28.90
imagem_587,0.00,0.00,28.71
imagem_588,0.00,0.00,28.57
imagem_589,0.00,0.00,28.82
imagem_590,0.00,0.00,28.85
imagem_591,0.00,0.00,29.00
imagem_592,0.00,0.00,29.03
imagem_593,0.00,0.00,29.07
imagem_594,0.00,0.00,29.05
imagem_595,1.00,0.00,29.06
imagem_596,1.00,0.00,29.06
imagem_597,1.00,0.00,29.04
imagem_598,1.00,0.00,28.95
imagem_599,1.00,0.00,28.82
imagem_600,1.00,0.00,28.61
imagem_601,1.00,0.00,28.45
imagem_602,0.00,0.00,28.25
imagem_603,0.00,0.00,28.05
imagem_604,0.00,0.00,28.12
imagem_605,0.00,0.00,28.26
imagem_606,0.00,0.00,28.36
imagem_607,0.00,0.00,28.46
imagem_608,0.00,0.00,28.51
imagem_609,0.00,0.00,28.52
imagem_610,0.00,0.00,28.51
imagem_611,0.00,0.00,28.51
imagem_612,0.00,0.00,28.51
imagem_613,0.00,0.00,28.51
imagem_614,0.00,0.00,28.51
imagem_615,0.00,0.00,28.51
imagem_616,0.00,0.00,28.51
imagem_617,0.00,0.00,28.51
imagem_618,0.00,0.00,28.51
imagem_619,0.00,0.00,28.51
imagem_620,0.00,0.00,28.51
imagem_621,0.00,0.00,28.51
imagem_622,0.00,0.00,28.51
imagem_623,0.00,0.00,28.51
imagem_624,0.00,0.00,28.51
imagem_625,0.00,0.00,28.51
imagem_626,0.00,0.00,28.51
imagem_627,0.00,0.00,28.51
imagem_628,0.00,0.00,28.51
imagem_629,0.00,0.00,28.51
imagem_630,0.00,0.00,28.51
imagem_631,0.00,1.00,28.51
imagem_632,0.00,1.00,28.84
imagem_633,0.00,1.00,29.33
imagem_634,1.00,0.00,49.13
imagem_635,1.00,0.00,49.13
imagem_636,1.00,0.00,49.09
imagem_637,1.00,0.00,48.98
imagem_638,1.00,0.00,48.85
imagem_639,1.00,0.00,48.73
imagem_640,1.00,0.00,48.53
imagem_641,1.00,0.00,48.32
imagem_642,1.00,0.00,48.15
imagem_643,1.00,0.00,47.96
imagem_644,1.00,0.00,47.77
imagem_645,1.00,0.00,47.40
imagem_646,1.00,0.00,47.40
imagem_647,1.00,0.00,47.37
imagem_648,1.00,0.00,47.23
imagem_649,1.00,0.00,47.13
imagem_650,1.00,0.00,45.84
imagem_651,1.00,0.00,45.85
imagem_652,1.00,0.00,45.81
imagem_653,1.00,0.00,45.68
imagem_654,1.00,0.00,45.57
imagem_655,1.00,0.00,49.75
imagem_656,1.00,0.00,49.75
imagem_657,1.00,0.00,49.72
imagem_658,1.00,0.00,49.62
imagem_659,1.00,0.00,46.89
imagem_660,1.00,0.00,46.89
imagem_661,1.00,0.00,46.86
imagem_662,1.00,0.00,46.73
imagem_663,1.00,0.00,46.61
imagem_664,1.00,0.00,46.49
imagem_665,1.00,0.00,46.28
imagem_666,1.00,0.00,45.02
imagem_667,1.00,0.00,45.03
imagem_668,1.00,0.00,44.99
imagem_669,1.00,0.00,44.86
imagem_670,1.00,0.00,44.75
imagem_671,1.00,0.00,43.92
imagem_672,1.00,0.00,43.93
imagem_673,1.00,0.00,44.00
imagem_674,1.00,0.00,43.94
imagem_675,1.00,0.00,43.81
imagem_676,1.00,0.00,43.69
imagem_677,0.00,1.00,6.14
imagem_678,0.00,1.00,7.23
imagem_679,0.00,1.00,8.32
imagem_680,1.00,0.00,61.82
imagem_681,1.00,0.00,61.80
imagem_682,1.00,0.00,61.77
imagem_683,1.00,0.00,60.79
imagem_684,1.00,0.00,60.79
imagem_685,1.00,0.00,60.74
imagem_686,1.00,0.00,60.64
imagem_687,1.00,0.00,60.49
imagem_688,1.00,0.00,60.36
imagem_689,-1.00,0.00,28.31
imagem_690,-1.00,0.00,23.69
imagem_691,-1.00,0.00,18.97
imagem_692,-1.00,0.00,15.05
imagem_693,-1.00,0.00,12.49
imagem_694,-1.00,0.00,12.46
imagem_695,-1.00,0.00,12.19
imagem_696,-1.00,0.00,12.04
imagem_697,-1.00,0.00,12.06
imagem_698,-1.00,0.00,12.00
imagem_699,-1.00,0.00,12.00
imagem_700,-1.00,0.00,11.96
imagem_701,-1.00,0.00,11.96
imagem_702,-1.00,0.00,11.93
imagem_703,-1.00,0.00,11.93
imagem_704,-1.00,0.00,11.91
imagem_705,-1.00,1.00,20.68
imagem_706,-1.00,0.00,21.56
imagem_707,-1.00,0.00,22.43
imagem_708,-1.00,0.00,23.31
imagem_709,-1.00,0.00,24.24
imagem_710,-1.00,0.00,25.14
imagem_711,-1.00,0.00,25.98
imagem_712,-1.00,0.00,26.40
imagem_713,-1.00,0.00,26.58
imagem_714,-1.00,0.00,26.53
imagem_715,-1.00,0.00,26.45
imagem_716,-1.00,0.00,26.28
imagem_717,-1.00,0.00,26.08
imagem_718,-1.00,0.00,25.93
imagem_719,-1.00,0.00,25.79
imagem_720,-1.00,0.00,25.38
imagem_721,1.00,0.00,50.84
imagem_722,1.00,0.00,50.84
imagem_723,1.00,0.00,50.80
imagem_724,1.00,0.00,50.71
imagem_725,1.00,0.00,49.87
imagem_726,1.00,0.00,49.87
imagem_727,1.00,0.00,49.83
imagem_728,1.00,0.00,49.72
imagem_729,1.00,0.00,49.58
imagem_730,1.00,0.00,48.29
imagem_731,1.00,0.00,48.36
imagem_732,1.00,0.00,48.29
imagem_733,1.00,0.00,48.15
imagem_734,1.00,0.00,48.03
imagem_735,1.00,0.00,47.70
imagem_736,1.00,0.00,47.70
imagem_737,1.00,0.00,47.67
imagem_738,1.00,0.00,47.54
imagem_739,1.00,0.00,47.42
imagem_740,1.00,0.00,47.30
imagem_741,1.00,0.00,46.82
imagem_742,1.00,0.00,46.82
imagem_743,1.00,0.00,46.79
imagem_744,1.00,0.00,46.66
imagem_745,1.00,0.00,46.55
imagem_746,1.00,0.00,44.16
imagem_747,1.00,0.00,44.16
imagem_748,1.00,0.00,44.12
imagem_749,1.00,0.00,44.00
imagem_750,1.00,0.00,43.88
imagem_751,1.00,0.00,43.12
imagem_752,1.00,0.00,43.13
imagem_753,1.00,0.00,43.09
imagem_754,1.00,0.00,42.97
imagem_755,1.00,0.00,42.86
imagem_756,1.00,0.00,42.72
imagem_757,1.00,0.00,40.04
imagem_758,1.00,0.00,40.04
imagem_759,1.00,0.00,40.02
imagem_760,1.00,0.00,39.90
imagem_761,1.00,0.00,39.24
imagem_762,1.00,0.00,39.32
imagem_763,1.00,0.00,39.34
imagem_764,1.00,0.00,39.31
imagem_765,1.00,0.00,39.19
imagem_766,1.00,0.00,39.06
imagem_767,1.00,0.00,38.90
imagem_768,1.00,0.00,38.72
imagem_769,1.00,0.00,38.50
imagem_770,1.00,0.00,38.36
imagem_771,1.00,0.00,38.16
imagem_772,1.00,0.00,37.99
imagem_773,1.00,0.00,37.81
imagem_774,1.00,0.00,37.66
imagem_775,1.00,0.00,37.51
imagem_776,0.00,1.00,2.74
imagem_777,0.00,1.00,3.94
imagem_778,0.00,1.00,5.04
imagem_779,0.00,1.00,6.14
imagem_780,0.00,1.00,7.23
imagem_781,0.00,1.00,8.32
imagem_782,0.00,1.00,9.42
imagem_783,0.00,1.00,10.51
imagem_784,0.00,1.00,11.61
imagem_785,0.00,1.00,12.70
imagem_786,0.00,1.00,13.80
imagem_787,0.00,1.00,14.89
imagem_788,0.00,1.00,15.99
imagem_789,0.00,1.00,17.08
imagem_790,0.00,1.00,18.17
imagem_791,0.00,1.00,19.27
imagem_792,0.00,1.00,20.36
imagem_793,0.00,1.00,21.46
imagem_794,0.00,1.00,22.55
imagem_795,0.00,1.00,23.65
imagem_796,0.00,1.00,24.74
imagem_797,0.00,1.00,25.83
imagem_798,0.00,1.00,26.93
imagem_799,0.00,1.00,28.02
imagem_800,0.00,0.00,29.12
imagem_801,0.00,1.00,30.21
imagem_802,0.00,1.00,31.31
imagem_803,0.00,0.00,32.40
imagem_804,0.00,0.00,33.49
imagem_805,0.00,0.00,34.59
imagem_806,0.00,0.00,35.68
imagem_807,0.00,0.00,36.78
imagem_808,0.00,0.00,37.87
imagem_809,0.00,0.00,38.97
imagem_810,0.00,0.00,40.06
imagem_811,0.00,0.00,40.60
imagem_812,0.00,0.00,40.33
imagem_813,0.00,0.00,40.47
imagem_814,0.00,0.00,40.40
imagem_815,0.00,0.00,40.43
imagem_816,0.00,0.00,40.42
imagem_817,0.00,0.00,40.43
imagem_818,0.00,0.00,40.42
imagem_819,0.00,0.00,40.42
imagem_820,0.00,0.00,40.42
imagem_821,0.00,0.00,40.42
imagem_822,0.00,0.00,40.42
imagem_823,0.00,0.00,40.42
imagem_824,0.00,0.00,40.42
imagem_825,0.00,0.00,40.42
imagem_826,0.00,0.00,40.42
imagem_827,0.00,0.00,40.42
imagem_828,0.00,0.00,40.42
imagem_829,0.00,0.00,40.42
imagem_830,0.00,0.00,40.42
imagem_831,0.00,0.00,40.42
imagem_832,0.00,0.00,40.42
imagem_833,0.00,0.00,40.42
imagem_834,0.00,0.00,40.42
imagem_835,0.00,0.00,40.42
imagem_836,0.00,0.00,40.42
imagem_837,0.00,0.00,40.42
imagem_838,1.00,0.00,40.42
imagem_839,1.00,0.00,40.42
imagem_840,1.00,0.00,40.40
imagem_841,1.00,0.00,40.28
imagem_842,0.00,0.00,40.15
imagem_843,0.00,0.00,40.03
imagem_844,0.00,0.00,39.90
imagem_845,0.00,0.00,40.12
imagem_846,0.00,0.00,40.12
imagem_847,0.00,0.00,40.18
imagem_848,0.00,0.00,40.15
imagem_849,0.00,0.00,40.17
imagem_850,0.00,0.00,40.16
imagem_851,0.00,0.00,40.16
imagem_852,-1.00,0.00,40.16
imagem_853,-1.00,0.00,40.16
imagem_854,-1.00,0.00,40.13
imagem_855,-1.00,0.00,40.01
imagem_856,-1.00,0.00,39.88
imagem_857,0.00,0.00,39.76
imagem_858,0.00,0.00,39.55
imagem_859,0.00,0.00,39.41
imagem_860,0.00,0.00,39.50
imagem_861,0.00,0.00,39.62
imagem_862,0.00,0.00,39.69
imagem_863,0.00,0.00,39.72
imagem_864,0.00,0.00,39.71
imagem_865,0.00,0.00,39.71
imagem_866,1.00,0.00,39.71
imagem_867,1.00,0.00,39.71
imagem_868,1.00,0.00,39.68
imagem_869,1.00,0.00,39.56
imagem_870,0.00,0.00,39.43
imagem_871,0.00,0.00,39.30
imagem_872,0.00,0.00,39.19
imagem_873,0.00,0.00,39.40
imagem_874,0.00,0.00,39.40
imagem_875,0.00,0.00,39.46
imagem_876,0.00,0.00,39.42
imagem_877,0.00,0.00,39.44
imagem_878,0.00,0.00,39.43
imagem_879,0.00,0.00,39.43
imagem_880,-1.00,0.00,39.43
imagem_881,-1.00,0.00,39.43
imagem_882,-1.00,0.00,39.41
imagem_883,-1.00,0.00,39.29
imagem_884,0.00,0.00,39.15
imagem_885,0.00,0.00,39.04
imagem_886,0.00,0.00,38.92
imagem_887,0.00,0.00,39.13
imagem_888,0.00,0.00,39.13
imagem_889,0.00,0.00,39.19
imagem_890,0.00,0.00,39.16
imagem_891,0.00,0.00,39.18
imagem_892,1.00,0.00,39.17
imagem_893,1.00,0.00,39.17
imagem_894,1.00,0.00,39.14
imagem_895,1.00,0.00,39.03
imagem_896,1.00,0.00,38.89
imagem_897,0.00,0.00,38.77
imagem_898,0.00,0.00,38.56
imagem_899,0.00,0.00,38.39
imagem_900,0.00,0.00,38.54
imagem_901,0.00,0.00,38.63
imagem_902,0.00,0.00,38.72
imagem_903,0.00,0.00,38.73
imagem_904,0.00,0.00,38.73
imagem_905,0.00,0.00,38.73
imagem_906,0.00,0.00,38.72
imagem_907,0.00,0.00,38.73
imagem_908,0.00,0.00,38.72
imagem_909,0.00,0.00,38.73
imagem_910,-1.00,0.00,38.72
imagem_911,-1.00,0.00,38.73
imagem_912,-1.00,0.00,38.70
imagem_913,-1.00,0.00,38.58
imagem_914,0.00,0.00,38.44
imagem_915,0.00,0.00,38.33
imagem_916,0.00,0.00,38.22
imagem_917,0.00,0.00,38.44
imagem_918,0.00,0.00,38.43
imagem_919,0.00,0.00,38.49
imagem_920,0.00,0.00,38.46
imagem_921,0.00,0.00,38.48
imagem_922,0.00,0.00,38.47
imagem_923,0.00,0.00,38.47
imagem_924,-1.00,0.00,38.47
imagem_925,-1.00,0.00,38.47
imagem_926,-1.00,0.00,38.44
imagem_927,-1.00,0.00,38.33
imagem_928,-1.00,0.00,38.18
imagem_929,-1.00,0.00,38.08
imagem_930,-1.00,0.00,37.86
imagem_931,-1.00,0.00,37.68
imagem_932,-1.00,0.00,37.50
imagem_933,-1.00,0.00,37.32
imagem_934,0.00,0.00,37.16
imagem_935,0.00,0.00,37.00
imagem_936,0.00,0.00,36.91
imagem_937,0.00,0.00,37.09
imagem_938,0.00,0.00,37.23
imagem_939,0.00,0.00,37.36
imagem_940,-1.00,0.00,37.42
imagem_941,-1.00,0.00,37.44
imagem_942,-1.00,0.00,37.42
imagem_943,-1.00,0.00,37.32
imagem_944,-1.00,0.00,37.20
imagem_945,-1.00,0.00,37.04
imagem_946,-1.00,0.00,36.86
imagem_947,0.00,0.00,36.70
imagem_948,0.00,0.00,36.50
imagem_949,0.00,0.00,36.37
imagem_950,0.00,0.00,36.52
imagem_951,0.00,0.00,36.65
imagem_952,0.00,0.00,36.78
imagem_953,-1.00,0.00,36.84
imagem_954,-1.00,0.00,36.86
imagem_955,-1.00,0.00,36.83
imagem_956,-1.00,0.00,36.74
imagem_957,-1.00,0.00,36.61
imagem_958,-1.00,0.00,36.45
imagem_959,0.00,0.00,36.27
imagem_960,0.00,0.00,36.11
imagem_961,0.00,0.00,35.94
imagem_962,0.00,0.00,36.05
imagem_963,0.00,0.00,36.19
imagem_964,0.00,0.00,36.30
imagem_965,0.00,0.00,36.37
imagem_966,0.00,0.00,36.38
imagem_967,-1.00,0.00,36.37
imagem_968,-1.00,0.00,36.37
imagem_969,-1.00,0.00,36.35
imagem_970,-1.00,0.00,36.24
imagem_971,-1.00,0.00,36.10
imagem_972,0.00,0.00,35.96
imagem_973,0.00,0.00,35.76
imagem_974,0.00,0.00,35.64
imagem_975,0.00,0.00,35.89
imagem_976,0.00,0.00,35.91
imagem_977,0.00,0.00,36.04
imagem_978,0.00,0.00,36.03
imagem_979,0.00,0.00,36.03
imagem_980,0.00,0.00,36.03
imagem_981,1.00,0.00,36.03
imagem_982,1.00,0.00,36.03
imagem_983,1.00,0.00,36.00
imagem_984,1.00,0.00,35.90
imagem_985,1.00,0.00,35.74
imagem_986,0.00,0.00,35.62
imagem_987,0.00,0.00,35.42
imagem_988,0.00,0.00,35.24
imagem_989,0.00,0.00,35.50
imagem_990,0.00,0.00,35.51
imagem_991,0.00,0.00,35.63
imagem_992,0.00,0.00,35.62
imagem_993,0.00,0.00,35.63
imagem_994,0.00,0.00,35.62
imagem_995,0.00,0.00,35.63
imagem_996,0.00,0.00,35.62
imagem_997,0.00,0.00,35.62
imagem_998,0.00,0.00,35.62
imagem_999,0.00,0.00,35.62
imagem_1000,0.00,0.00,35.62
imagem_1001,0.00,0.00,35.62
imagem_1002,0.00,0.00,35.62
imagem_1003,0.00,0.00,35.62
imagem_1004,0.00,0.00,35.62
imagem_1005,0.00,0.00,35.62
imagem_1006,0.00,0.00,35.62
imagem_1007,0.00,1.00,35.62
imagem_1008,0.00,1.00,35.89
imagem_1009,0.00,1.00,36.29
imagem_1010,0.00,0.00,36.87
imagem_1011,0.00,0.00,36.58
imagem_1012,0.00,0.00,36.73
imagem_1013,0.00,0.00,36.66
imagem_1014,0.00,0.00,36.69
imagem_1015,0.00,0.00,36.67
imagem_1016,0.00,0.00,36.68
imagem_1017,0.00,0.00,36.68
imagem_1018,0.00,0.00,36.68
imagem_1019,0.00,0.00,36.68
imagem_1020,0.00,0.00,36.68
imagem_1021,0.00,0.00,36.68
imagem_1022,0.00,0.00,36.68
imagem_1023,0.00,0.00,36.68
imagem_1024,0.00,0.00,36.68
imagem_1025,0.00,0.00,36.68
imagem_1026,0.00,0.00,36.68
imagem_1027,0.00,0.00,36.68
imagem_1028,0.00,0.00,36.68
imagem_1029,0.00,0.00,36.68
imagem_1030,0.00,0.00,36.68
imagem_1031,0.00,0.00,36.68
imagem_1032,0.00,0.00,36.68
imagem_1033,0.00,0.00,36.68
imagem_1034,0.00,0.00,36.68
imagem_1035,0.00,0.00,36.68
imagem_1036,0.00,0.00,36.68
imagem_1037,0.00,0.00,36.68
imagem_1038,0.00,0.00,36.68
imagem_1039,0.00,0.00,36.68
imagem_1040,0.00,0.00,36.68
imagem_1041,0.00,0.00,36.68
imagem_1042,0.00,0.00,36.68
imagem_1043,0.00,0.00,36.68
imagem_1044,0.00,0.00,36.68
imagem_1045,0.00,0.00,36.68
imagem_1046,0.00,0.00,36.68
imagem_1047,0.00,0.00,36.68
imagem_1048,0.00,0.00,36.68
imagem_1049,0.00,0.00,36.68
imagem_1050,0.00,0.00,36.68
imagem_1051,0.00,0.00,36.68
imagem_1052,0.00,0.00,36.68
imagem_1053,0.00,0.00,36.68
imagem_1054,0.00,0.00,36.68
imagem_1055,0.00,0.00,36.68
imagem_1056,0.00,0.00,36.68
imagem_1057,0.00,0.00,36.68
imagem_1058,0.00,0.00,36.68
imagem_1059,0.00,0.00,36.68
imagem_1060,-1.00,0.00,36.68
imagem_1061,-1.00,0.00,36.68
imagem_1062,-1.00,0.00,36.65
imagem_1063,1.00,0.00,36.55
imagem_1064,1.00,0.00,36.55
imagem_1065,1.00,0.00,36.53
imagem_1066,1.00,0.00,36.42
imagem_1067,-1.00,0.00,36.31
imagem_1068,-1.00,0.00,36.32
imagem_1069,-1.00,0.00,36.29
imagem_1070,-1.00,0.00,36.18
imagem_1071,1.00,0.00,36.07
imagem_1072,1.00,0.00,36.07
imagem_1073,1.00,0.00,36.05
imagem_1074,1.00,0.00,35.94
imagem_1075,1.00,0.00,35.84
imagem_1076,1.00,0.00,35.84
imagem_1077,1.00,0.00,35.82
imagem_1078,1.00,0.00,35.71
imagem_1079,1.00,0.00,35.56
imagem_1080,1.00,0.00,35.46
imagem_1081,1.00,0.00,35.46
imagem_1082,1.00,0.00,35.44
imagem_1083,1.00,0.00,35.34
imagem_1084,1.00,0.00,35.19
imagem_1085,-1.00,0.00,35.09
imagem_1086,-1.00,0.00,35.09
imagem_1087,-1.00,0.00,35.07
imagem_1088,-1.00,0.00,35.02
imagem_1089,-1.00,0.00,34.87
imagem_1090,-1.00,0.00,34.87
imagem_1091,-1.00,0.00,34.85
imagem_1092,-1.00,0.00,34.78
imagem_1093,-1.00,0.00,34.66
imagem_1094,-1.00,0.00,34.66
imagem_1095,-1.00,0.00,34.64
imagem_1096,-1.00,0.00,34.54
imagem_1097,-1.00,0.00,34.39
imagem_1098,-1.00,0.00,34.30
imagem_1099,-1.00,0.00,34.30
imagem_1100,-1.00,0.00,34.28
imagem_1101,-1.00,0.00,34.18
imagem_1102,1.00,0.00,34.09
imagem_1103,1.00,0.00,34.09
imagem_1104,1.00,0.00,34.06
imagem_1105,1.00,0.00,33.96
imagem_1106,1.00,0.00,33.82
imagem_1107,-1.00,0.00,33.72
imagem_1108,-1.00,0.00,33.72
imagem_1109,-1.00,0.00,33.70
imagem_1110,-1.00,0.00,33.60
imagem_1111,-1.00,0.00,33.51
imagem_1112,-1.00,0.00,33.51
imagem_1113,-1.00,0.00,33.49
imagem_1114,-1.00,0.00,33.39
imagem_1115,-1.00,0.00,33.25
imagem_1116,-1.00,0.00,33.08
imagem_1117,-1.00,0.00,32.91
imagem_1118,-1.00,0.00,32.71
imagem_1119,-1.00,0.00,32.54
imagem_1120,-1.00,0.00,32.38
imagem_1121,-1.00,0.00,32.27
imagem_1122,-1.00,0.00,32.61
imagem_1123,-1.00,0.00,32.61
imagem_1124,-1.00,0.00,32.58
imagem_1125,-1.00,0.00,32.49
imagem_1126,-1.00,0.00,32.36
imagem_1127,-1.00,0.00,32.16
imagem_1128,-1.00,0.00,32.01
imagem_1129,1.00,0.00,32.05
imagem_1130,1.00,0.00,32.05
imagem_1131,1.00,0.00,32.03
imagem_1132,1.00,0.00,31.94
imagem_1133,1.00,0.00,31.80
imagem_1134,1.00,0.00,31.61
imagem_1135,1.00,0.00,31.46
imagem_1136,1.00,0.00,31.25
imagem_1137,1.00,0.00,31.07
imagem_1138,1.00,0.00,31.33
imagem_1139,1.00,0.00,31.33
imagem_1140,1.00,0.00,31.31
imagem_1141,1.00,0.00,31.22
imagem_1142,1.00,0.00,31.09
imagem_1143,1.00,0.00,30.88
imagem_1144,1.00,0.00,30.74
imagem_1145,1.00,0.00,30.54
imagem_1146,-1.00,0.00,36.34
imagem_1147,-1.00,0.00,36.34
imagem_1148,-1.00,0.00,36.31
imagem_1149,-1.00,0.00,36.21
imagem_1150,-1.00,0.00,36.05
imagem_1151,-1.00,0.00,35.95
imagem_1152,-1.00,0.00,35.96
imagem_1153,-1.00,0.00,35.93
imagem_1154,-1.00,0.00,35.83
imagem_1155,-1.00,0.00,35.68
imagem_1156,-1.00,0.00,35.53
imagem_1157,-1.00,0.00,35.37
imagem_1158,-1.00,0.00,35.16
imagem_1159,1.00,0.00,34.30
imagem_1160,1.00,0.00,34.30
imagem_1161,1.00,0.00,34.28
imagem_1162,1.00,0.00,34.18
imagem_1163,1.00,0.00,34.03
imagem_1164,1.00,0.00,33.37
imagem_1165,1.00,0.00,33.36
imagem_1166,1.00,0.00,33.34
imagem_1167,1.00,0.00,33.23
imagem_1168,1.00,0.00,33.09
imagem_1169,1.00,0.00,32.96
imagem_1170,1.00,0.00,32.96
imagem_1171,1.00,0.00,32.93
imagem_1172,1.00,0.00,32.84
imagem_1173,1.00,0.00,32.70
imagem_1174,1.00,0.00,32.52
imagem_1175,1.00,0.00,32.36
imagem_1176,1.00,0.00,32.19
imagem_1177,1.00,0.00,32.17
imagem_1178,1.00,0.00,32.15
imagem_1179,1.00,0.00,32.05
imagem_1180,1.00,0.00,31.91
imagem_1181,1.00,0.00,31.73
imagem_1182,1.00,0.00,30.84
imagem_1183,1.00,0.00,30.84
imagem_1184,1.00,0.00,30.82
imagem_1185,1.00,0.00,30.72
imagem_1186,1.00,0.00,30.58
imagem_1187,-1.00,0.00,29.86
imagem_1188,0.00,0.00,29.66
imagem_1189,0.00,0.00,29.47
imagem_1190,0.00,0.00,29.49
imagem_1191,0.00,0.00,29.66
imagem_1192,0.00,0.00,29.76
imagem_1193,0.00,0.00,29.87
imagem_1194,0.00,0.00,29.92
imagem_1195,0.00,0.00,29.93
imagem_1196,0.00,0.00,29.92
imagem_1197,0.00,0.00,29.92
imagem_1198,0.00,0.00,29.92
imagem_1199,0.00,0.00,29.92
imagem_1200,0.00,0.00,29.92
imagem_1201,0.00,0.00,29.92
imagem_1202,-1.00,0.00,29.92
imagem_1203,-1.00,0.00,29.92
imagem_1204,-1.00,0.00,29.90
imagem_1205,-1.00,0.00,29.81
imagem_1206,-1.00,0.00,29.69
imagem_1207,-1.00,0.00,29.48
imagem_1208,-1.00,0.00,29.33
imagem_1209,0.00,0.00,29.13
imagem_1210,0.00,0.00,28.94
imagem_1211,0.00,0.00,28.99
imagem_1212,0.00,0.00,29.15
imagem_1213,0.00,0.00,29.25
imagem_1214,0.00,0.00,29.35
imagem_1215,0.00,0.00,29.40
imagem_1216,0.00,0.00,29.42
imagem_1217,0.00,0.00,29.41
imagem_1218,0.00,0.00,29.41
imagem_1219,0.00,0.00,29.41
imagem_1220,0.00,0.00,29.41
imagem_1221,0.00,0.00,29.41
imagem_1222,0.00,0.00,29.41
imagem_1223,0.00,0.00,29.41
imagem_1224,0.00,0.00,29.41
imagem_1225,0.00,0.00,29.41
imagem_1226,0.00,0.00,29.41
imagem_1227,0.00,0.00,29.41
imagem_1228,0.00,0.00,29.41
imagem_1229,0.00,0.00,29.41
imagem_1230,0.00,0.00,29.41
imagem_1231,0.00,0.00,29.41
imagem_1232,0.00,1.00,29.41
imagem_1233,0.00,1.00,29.73
imagem_1234,1.00,0.00,33.21
imagem_1235,1.00,0.00,33.21
imagem_1236,1.00,0.00,33.18
imagem_1237,1.00,0.00,33.08
imagem_1238,1.00,0.00,41.53
imagem_1239,1.00,0.00,41.52
imagem_1240,1.00,0.00,41.50
imagem_1241,1.00,0.00,41.37
imagem_1242,1.00,0.00,41.25
imagem_1243,1.00,0.00,41.04
imagem_1244,1.00,0.00,41.04
imagem_1245,1.00,0.00,41.01
imagem_1246,1.00,0.00,40.89
imagem_1247,1.00,0.00,40.78
imagem_1248,1.00,0.00,40.79
imagem_1249,1.00,0.00,40.75
imagem_1250,1.00,0.00,40.64
imagem_1251,1.00,0.00,40.50
imagem_1252,0.00,1.00,2.74
imagem_1253,0.00,1.00,3.94
imagem_1254,0.00,1.00,5.04
imagem_1255,0.00,1.00,6.14
imagem_1256,0.00,1.00,7.23
imagem_1257,0.00,1.00,8.32
imagem_1258,0.00,1.00,9.42
imagem_1259,0.00,0.00,10.51
imagem_1260,0.00,0.00,11.61
imagem_1261,0.00,0.00,12.70
imagem_1262,0.00,0.00,13.80
imagem_1263,0.00,0.00,14.89
imagem_1264,0.00,0.00,15.99
imagem_1265,0.00,0.00,16.20
imagem_1266,0.00,0.00,16.09
imagem_1267,0.00,0.00,16.15
imagem_1268,0.00,0.00,16.12
imagem_1269,0.00,0.00,16.13
imagem_1270,0.00,0.00,16.13
imagem_1271,0.00,0.00,16.13
imagem_1272,0.00,0.00,16.13
imagem_1273,0.00,0.00,16.13
imagem_1274,0.00,0.00,16.13
imagem_1275,0.00,0.00,16.13
imagem_1276,0.00,0.00,16.13
imagem_1277,0.00,1.00,16.13
imagem_1278,0.00,1.00,16.67
imagem_1279,0.00,1.00,17.45
imagem_1280,0.00,1.00,18.56
imagem_1281,0.00,0.00,19.86
imagem_1282,0.00,0.00,19.21
imagem_1283,0.00,0.00,19.54
imagem_1284,0.00,0.00,19.38
imagem_1285,0.00,0.00,19.46
imagem_1286,0.00,0.00,19.42
imagem_1287,0.00,0.00,19.44
imagem_1288,0.00,0.00,19.43
imagem_1289,0.00,0.00,19.43
imagem_1290,0.00,0.00,19.43
imagem_1291,0.00,0.00,19.43
imagem_1292,0.00,0.00,19.43
imagem_1293,0.00,0.00,19.43
imagem_1294,0.00,0.00,19.43
imagem_1295,0.00,0.00,19.43
imagem_1296,0.00,0.00,19.43
imagem_1297,0.00,0.00,19.43
imagem_1298,0.00,0.00,19.43
imagem_1299,0.00,0.00,19.43
imagem_1300,0.00,1.00,19.43
imagem_1301,0.00,1.00,19.89
imagem_1302,0.00,1.00,20.57
imagem_1303,0.00,1.00,21.53
imagem_1304,0.00,1.00,22.69
imagem_1305,0.00,1.00,24.05
imagem_1306,0.00,0.00,25.27
imagem_1307,0.00,0.00,24.94
imagem_1308,0.00,0.00,25.10
imagem_1309,0.00,0.00,25.02
imagem_1310,0.00,0.00,25.06
imagem_1311,0.00,0.00,25.04
imagem_1312,0.00,0.00,25.05
imagem_1313,0.00,0.00,25.05
imagem_1314,0.00,0.00,25.05
imagem_1315,0.00,0.00,25.05
imagem_1316,0.00,0.00,25.05
imagem_1317,0.00,0.00,25.05
imagem_1318,0.00,0.00,25.05
imagem_1319,1.00,0.00,25.05
imagem_1320,1.00,0.00,25.05
imagem_1321,1.00,0.00,25.03
imagem_1322,1.00,0.00,24.96
imagem_1323,0.00,0.00,24.86
imagem_1324,0.00,0.00,24.68
imagem_1325,0.00,0.00,24.79
imagem_1326,0.00,0.00,24.86
imagem_1327,0.00,0.00,24.89
imagem_1328,0.00,0.00,24.91
imagem_1329,0.00,0.00,24.90
imagem_1330,0.00,0.00,24.90
imagem_1331,0.00,0.00,24.90
imagem_1332,0.00,0.00,24.90
imagem_1333,0.00,0.00,24.90
imagem_1334,0.00,0.00,24.90
imagem_1335,-1.00,0.00,24.90
imagem_1336,-1.00,0.00,24.90
imagem_1337,-1.00,0.00,24.88
imagem_1338,-1.00,0.00,24.81
imagem_1339,-1.00,0.00,24.71
imagem_1340,-1.00,0.00,24.53
imagem_1341,0.00,0.00,24.33
imagem_1342,0.00,0.00,24.12
imagem_1343,0.00,0.00,24.16
imagem_1344,0.00,0.00,24.31
imagem_1345,0.00,0.00,24.36
imagem_1346,0.00,0.00,24.48
imagem_1347,0.00,0.00,24.51
imagem_1348,0.00,0.00,24.54
imagem_1349,1.00,0.00,24.52
imagem_1350,1.00,0.00,24.53
imagem_1351,1.00,0.00,24.51
imagem_1352,1.00,0.00,24.44
imagem_1353,1.00,0.00,24.33
imagem_1354,0.00,0.00,24.15
imagem_1355,0.00,0.00,23.94
imagem_1356,0.00,0.00,24.04
imagem_1357,0.00,0.00,24.15
imagem_1358,0.00,0.00,24.18
imagem_1359,0.00,0.00,24.26
imagem_1360,0.00,0.00,24.25
imagem_1361,0.00,0.00,24.26
imagem_1362,0.00,0.00,24.25
imagem_1363,0.00,0.00,24.25
imagem_1364,0.00,0.00,24.25
imagem_1365,0.00,0.00,24.25
imagem_1366,0.00,0.00,24.25
imagem_1367,0.00,0.00,24.25
imagem_1368,0.00,0.00,24.25
imagem_1369,0.00,0.00,24.25
imagem_1370,0.00,0.00,24.25
imagem_1371,0.00,0.00,24.25
imagem_1372,0.00,0.00,24.25
imagem_1373,0.00,0.00,24.25
imagem_1374,0.00,0.00,24.25
imagem_1375,0.00,0.00,24.25
imagem_1376,0.00,0.00,24.25
imagem_1377,0.00,0.00,24.25
imagem_1378,0.00,0.00,24.25
imagem_1379,0.00,0.00,24.25
imagem_1380,0.00,0.00,24.25
imagem_1381,0.00,0.00,24.25
imagem_1382,0.00,0.00,24.25
imagem_1383,0.00,1.00,24.25
imagem_1384,0.00,1.00,24.63
imagem_1385,0.00,1.00,25.19
imagem_1386,0.00,1.00,26.00
imagem_1387,0.00,1.00,27.00
imagem_1388,0.00,1.00,28.17
imagem_1389,0.00,1.00,29.50
imagem_1390,1.00,0.00,39.18
imagem_1391,1.00,0.00,39.18
imagem_1392,1.00,0.00,39.15
imagem_1393,1.00,0.00,39.04
imagem_1394,1.00,0.00,38.49
imagem_1395,1.00,0.00,38.49
imagem_1396,1.00,0.00,38.46
imagem_1397,1.00,0.00,38.35
imagem_1398,1.00,0.00,55.61
imagem_1399,1.00,0.00,55.61
imagem_1400,1.00,0.00,55.57
imagem_1401,1.00,0.00,55.47
imagem_1402,1.00,0.00,55.33
imagem_1403,1.00,0.00,52.48
imagem_1404,1.00,0.00,52.48
imagem_1405,1.00,0.00,52.45
imagem_1406,1.00,0.00,52.35
imagem_1407,1.00,0.00,52.20
imagem_1408,1.00,0.00,51.17
imagem_1409,1.00,0.00,51.17
imagem_1410,1.00,0.00,51.13
imagem_1411,1.00,0.00,51.03
imagem_1412,1.00,0.00,50.80
imagem_1413,1.00,0.00,50.80
imagem_1414,1.00,0.00,50.76
imagem_1415,1.00,0.00,50.61
imagem_1416,1.00,0.00,50.61
imagem_1417,1.00,0.00,50.58
imagem_1418,1.00,0.00,50.45
imagem_1419,1.00,0.00,50.27
imagem_1420,1.00,0.00,50.27
imagem_1421,1.00,0.00,50.23
imagem_1422,1.00,0.00,50.12
imagem_1423,1.00,0.00,49.98
imagem_1424,1.00,0.00,47.67
imagem_1425,1.00,0.00,47.67
imagem_1426,1.00,0.00,47.64
imagem_1427,1.00,0.00,47.51
imagem_1428,1.00,0.00,47.39
imagem_1429,1.00,0.00,46.91
imagem_1430,1.00,0.00,46.91
imagem_1431,1.00,0.00,46.88
imagem_1432,1.00,0.00,46.75
imagem_1433,1.00,0.00,43.14
imagem_1434,1.00,0.00,43.14
imagem_1435,1.00,0.00,43.11
imagem_1436,1.00,0.00,42.98
imagem_1437,1.00,0.00,42.33
imagem_1438,1.00,0.00,42.38
imagem_1439,1.00,0.00,42.38
imagem_1440,1.00,0.00,42.40
imagem_1441,1.00,0.00,42.28
imagem_1442,1.00,0.00,41.86
imagem_1443,1.00,0.00,41.86
imagem_1444,1.00,0.00,41.83
imagem_1445,1.00,0.00,41.71
imagem_1446,1.00,0.00,41.58
imagem_1447,1.00,0.00,41.58
imagem_1448,1.00,0.00,41.56
imagem_1449,1.00,0.00,41.43
imagem_1450,1.00,0.00,41.31
imagem_1451,1.00,0.00,40.65
imagem_1452,1.00,0.00,40.68
imagem_1453,1.00,0.00,40.64
imagem_1454,1.00,0.00,40.52
imagem_1455,1.00,0.00,40.39
imagem_1456,1.00,0.00,40.23
imagem_1457,1.00,0.00,37.23
imagem_1458,1.00,0.00,37.23
imagem_1459,1.00,0.00,37.21
imagem_1460,1.00,0.00,37.10
imagem_1461,1.00,0.00,36.99
imagem_1462,1.00,0.00,36.99
imagem_1463,1.00,0.00,36.97
imagem_1464,1.00,0.00,36.86
imagem_1465,1.00,0.00,36.70
imagem_1466,1.00,0.00,36.59
imagem_1467,1.00,0.00,36.38
imagem_1468,1.00,0.00,36.20
imagem_1469,1.00,0.00,36.02
imagem_1470,1.00,0.00,36.09
imagem_1471,1.00,0.00,36.09
imagem_1472,1.00,0.00,36.07
imagem_1473,1.00,0.00,35.96
imagem_1474,1.00,0.00,35.28
imagem_1475,1.00,0.00,35.28
imagem_1476,1.00,0.00,35.25
imagem_1477,1.00,0.00,35.14
imagem_1478,1.00,0.00,34.99
imagem_1479,1.00,0.00,34.86
imagem_1480,1.00,0.00,34.86
imagem_1481,1.00,0.00,34.83
imagem_1482,1.00,0.00,34.73
imagem_1483,1.00,0.00,34.44
imagem_1484,1.00,0.00,34.44
imagem_1485,1.00,0.00,34.42
imagem_1486,0.00,0.00,29.86
imagem_1487,0.00,0.00,29.99
imagem_1488,1.00,0.00,29.89
imagem_1489,0.00,0.00,29.68
imagem_1490,0.00,0.00,29.52
imagem_1491,0.00,0.00,29.51
imagem_1492,0.00,0.00,29.70
imagem_1493,0.00,0.00,29.72
imagem_1494,0.00,0.00,29.82
imagem_1495,0.00,0.00,29.81
imagem_1496,0.00,0.00,29.82
imagem_1497,0.00,0.00,29.82
imagem_1498,0.00,0.00,29.82
imagem_1499,0.00,0.00,29.82
imagem_1500,1.00,0.00,29.82
imagem_1501,1.00,0.00,29.82
imagem_1502,1.00,0.00,29.80
imagem_1503,1.00,0.00,29.71
imagem_1504,1.00,0.00,29.64
imagem_1505,1.00,0.00,29.64
imagem_1506,1.00,0.00,29.62
imagem_1507,1.00,0.00,29.53
imagem_1508,1.00,0.00,29.41
imagem_1509,1.00,0.00,29.34
imagem_1510,1.00,0.00,29.34
imagem_1511,1.00,0.00,29.32
imagem_1512,1.00,0.00,29.24
imagem_1513,1.00,0.00,29.12
imagem_1514,-1.00,0.00,29.05
imagem_1515,-1.00,0.00,29.06
imagem_1516,-1.00,0.00,29.03
imagem_1517,-1.00,0.00,28.94
imagem_1518,-1.00,0.00,28.82
imagem_1519,-1.00,0.00,28.60
imagem_1520,-1.00,0.00,28.44
imagem_1521,-1.00,0.00,28.24
imagem_1522,-1.00,0.00,28.03
imagem_1523,-1.00,0.00,27.93
imagem_1524,-1.00,0.00,27.81
imagem_1525,-1.00,0.00,27.73
imagem_1526,-1.00,0.00,27.64
imagem_1527,-1.00,0.00,28.14
imagem_1528,-1.00,0.00,28.14
imagem_1529,-1.00,0.00,28.12
imagem_1530,-1.00,0.00,28.04
imagem_1531,-1.00,0.00,27.92
imagem_1532,-1.00,0.00,27.73
imagem_1533,-1.00,0.00,27.54
imagem_1534,1.00,0.00,27.66
imagem_1535,1.00,0.00,27.66
imagem_1536,1.00,0.00,27.64
imagem_1537,1.00,0.00,27.56
imagem_1538,1.00,0.00,27.44
imagem_1539,-1.00,0.00,25.88
imagem_1540,-1.00,0.00,25.88
imagem_1541,-1.00,0.00,25.86
imagem_1542,-1.00,0.00,25.78
imagem_1543,-1.00,0.00,25.68
imagem_1544,-1.00,0.00,25.50
imagem_1545,-1.00,0.00,25.28
imagem_1546,-1.00,0.00,25.09
imagem_1547,-1.00,0.00,24.92
imagem_1548,-1.00,0.00,24.90
imagem_1549,-1.00,0.00,25.28
imagem_1550,-1.00,0.00,25.28
imagem_1551,-1.00,0.00,25.26
imagem_1552,-1.00,0.00,25.19
imagem_1553,-1.00,0.00,25.09
imagem_1554,-1.00,0.00,24.92
imagem_1555,-1.00,0.00,24.71
imagem_1556,-1.00,0.00,24.51
imagem_1557,1.00,0.00,24.81
imagem_1558,1.00,0.00,24.81
imagem_1559,1.00,0.00,24.80
imagem_1560,1.00,0.00,24.72
imagem_1561,-1.00,0.00,24.67
imagem_1562,-1.00,0.00,24.67
imagem_1563,-1.00,0.00,24.65
imagem_1564,-1.00,0.00,24.58
imagem_1565,1.00,0.00,24.52
imagem_1566,1.00,0.00,24.52
imagem_1567,1.00,0.00,24.50
imagem_1568,1.00,0.00,24.43
imagem_1569,1.00,0.00,24.33
imagem_1570,1.00,0.00,24.28
imagem_1571,1.00,0.00,24.28
imagem_1572,1.00,0.00,24.27
imagem_1573,1.00,0.00,24.19
imagem_1574,1.00,0.00,24.14
imagem_1575,1.00,0.00,24.14
imagem_1576,-1.00,0.00,24.11
imagem_1577,-1.00,0.00,24.11
imagem_1578,-1.00,0.00,24.09
imagem_1579,-1.00,0.00,24.02
imagem_1580,-1.00,0.00,23.92
imagem_1581,-1.00,0.00,23.75
imagem_1582,-1.00,0.00,23.75
imagem_1583,-1.00,0.00,23.75
imagem_1584,-1.00,0.00,23.74
imagem_1585,-1.00,0.00,23.67
imagem_1586,-1.00,0.00,23.58
imagem_1587,-1.00,0.00,23.55
imagem_1588,-1.00,0.00,23.55
imagem_1589,-1.00,0.00,23.53
imagem_1590,-1.00,0.00,23.46
imagem_1591,-1.00,0.00,23.37
imagem_1592,-1.00,0.00,23.32
imagem_1593,-1.00,0.00,23.32
imagem_1594,-1.00,0.00,23.30
imagem_1595,-1.00,0.00,23.24
imagem_1596,-1.00,0.00,23.14
imagem_1597,-1.00,0.00,22.98
imagem_1598,-1.00,0.00,22.99
imagem_1599,-1.00,0.00,22.99
imagem_1600,-1.00,0.00,22.97
imagem_1601,-1.00,0.00,22.90
imagem_1602,-1.00,0.00,22.81
imagem_1603,1.00,0.00,22.77
imagem_1604,1.00,0.00,22.77
imagem_1605,1.00,0.00,22.75
imagem_1606,1.00,0.00,22.70
imagem_1607,1.00,0.00,22.70
imagem_1608,1.00,0.00,22.68
imagem_1609,1.00,0.00,22.61
imagem_1610,1.00,0.00,22.52
imagem_1611,-1.00,0.00,22.48
imagem_1612,-1.00,0.00,22.48
imagem_1613,-1.00,0.00,22.46
imagem_1614,-1.00,0.00,22.40
imagem_1615,-1.00,0.00,22.31
imagem_1616,-1.00,0.00,22.15
imagem_1617,-1.00,0.00,22.15
imagem_1618,-1.00,0.00,22.15
imagem_1619,-1.00,0.00,22.14
imagem_1620,-1.00,0.00,22.07
imagem_1621,-1.00,0.00,21.98
imagem_1622,-1.00,0.00,21.83
imagem_1623,-1.00,0.00,21.65
imagem_1624,-1.00,0.00,21.40
imagem_1625,-1.00,0.00,21.38
imagem_1626,-1.00,0.00,21.70
imagem_1627,-1.00,0.00,21.70
imagem_1628,-1.00,0.00,21.69
imagem_1629,-1.00,0.00,21.62
imagem_1630,-1.00,0.00,21.54
imagem_1631,-1.00,0.00,21.39
imagem_1632,-1.00,0.00,21.22
imagem_1633,-1.00,0.00,20.97
imagem_1634,-1.00,0.00,20.95
imagem_1635,-1.00,0.00,20.89
imagem_1636,-1.00,0.00,21.24
imagem_1637,-1.00,0.00,21.24
imagem_1638,-1.00,0.00,21.23
imagem_1639,-1.00,0.00,21.16
imagem_1640,1.00,0.00,21.12
imagem_1641,1.00,0.00,21.12
imagem_1642,1.00,0.00,21.11
imagem_1643,1.00,0.00,21.04
imagem_1644,1.00,0.00,20.96
imagem_1645,1.00,0.00,20.92
imagem_1646,1.00,0.00,20.92
imagem_1647,1.00,0.00,20.91
imagem_1648,1.00,0.00,20.84
imagem_1649,1.00,0.00,20.80
imagem_1650,1.00,0.00,20.80
imagem_1651,1.00,0.00,20.79
imagem_1652,1.00,0.00,20.74
imagem_1653,1.00,0.00,20.74
imagem_1654,1.00,0.00,20.72
imagem_1655,1.00,0.00,20.66
imagem_1656,-1.00,0.00,20.62
imagem_1657,-1.00,0.00,20.62
imagem_1658,-1.00,0.00,20.61
imagem_1659,-1.00,0.00,20.55
imagem_1660,-1.00,0.00,20.46
imagem_1661,-1.00,0.00,20.43
imagem_1662,-1.00,0.00,20.43
imagem_1663,-1.00,0.00,20.41
imagem_1664,-1.00,0.00,20.35
imagem_1665,-1.00,0.00,20.28
imagem_1666,-1.00,0.00,20.13
imagem_1667,-1.00,0.00,19.98
imagem_1668,-1.00,0.00,20.12
imagem_1669,-1.00,0.00,20.12
imagem_1670,-1.00,0.00,20.10
imagem_1671,-1.00,0.00,20.04
imagem_1672,-1.00,0.00,19.97
imagem_1673,-1.00,0.00,19.83
imagem_1674,-1.00,0.00,19.67
imagem_1675,-1.00,0.00,19.81
imagem_1676,-1.00,0.00,19.81
imagem_1677,-1.00,0.00,19.79
imagem_1678,-1.00,0.00,19.73
imagem_1679,-1.00,0.00,19.66
imagem_1680,-1.00,0.00,19.52
imagem_1681,-1.00,0.00,19.36
imagem_1682,-1.00,0.00,19.49
imagem_1683,-1.00,0.00,19.49
imagem_1684,-1.00,0.00,19.48
imagem_1685,-1.00,0.00,19.42
imagem_1686,-1.00,0.00,19.34
imagem_1687,1.00,0.00,19.32
imagem_1688,1.00,0.00,19.32
imagem_1689,1.00,0.00,19.30
imagem_1690,1.00,0.00,19.30
imagem_1691,1.00,0.00,19.28
imagem_1692,1.00,0.00,19.23
imagem_1693,1.00,0.00,19.23
imagem_1694,1.00,0.00,19.22
imagem_1695,1.00,0.00,19.16
imagem_1696,1.00,0.00,19.09
imagem_1697,1.00,0.00,19.06
imagem_1698,1.00,0.00,19.05
imagem_1699,1.00,0.00,19.04
imagem_1700,1.00,0.00,18.99
imagem_1701,1.00,0.00,18.92
imagem_1702,1.00,0.00,18.78
imagem_1703,1.00,0.00,18.78
imagem_1704,1.00,0.00,18.81
imagem_1705,1.00,0.00,18.77
imagem_1706,1.00,0.00,18.68
imagem_1707,1.00,0.00,18.60
imagem_1708,1.00,0.00,18.43
imagem_1709,1.00,0.00,18.63
imagem_1710,1.00,0.00,18.63
imagem_1711,1.00,0.00,18.61
imagem_1712,1.00,0.00,18.56
imagem_1713,-1.00,0.00,22.83
imagem_1714,-1.00,0.00,22.83
imagem_1715,-1.00,0.00,22.82
imagem_1716,-1.00,0.00,22.75
imagem_1717,-1.00,0.00,22.66
imagem_1718,-1.00,0.00,29.14
imagem_1719,-1.00,0.00,29.14
imagem_1720,-1.00,0.00,29.12
imagem_1721,-1.00,0.00,29.04
imagem_1722,-1.00,0.00,28.92
imagem_1723,1.00,0.00,28.85
imagem_1724,1.00,0.00,28.85
imagem_1725,1.00,0.00,28.83
imagem_1726,1.00,0.00,28.75
imagem_1727,1.00,0.00,18.79
imagem_1728,1.00,0.00,18.95
imagem_1729,1.00,0.00,18.86
imagem_1730,1.00,0.00,18.84
imagem_1731,1.00,0.00,29.84
imagem_1732,1.00,0.00,29.47
imagem_1733,1.00,0.00,29.63
imagem_1734,1.00,0.00,29.45
imagem_1735,1.00,0.00,29.38
imagem_1736,-1.00,0.00,10.66
imagem_1737,-1.00,0.00,10.66
imagem_1738,-1.00,0.00,10.65
imagem_1739,-1.00,0.00,10.62
imagem_1740,1.00,0.00,26.55
imagem_1741,1.00,0.00,26.55
imagem_1742,1.00,0.00,26.53
imagem_1743,1.00,0.00,26.45
imagem_1744,1.00,0.00,26.35
imagem_1745,-1.00,0.00,26.29
imagem_1746,-1.00,0.00,26.29
imagem_1747,-1.00,0.00,26.27
imagem_1748,-1.00,0.00,26.19
imagem_1749,-1.00,0.00,26.09
imagem_1750,-1.00,0.00,25.90
imagem_1751,1.00,0.00,25.90
imagem_1752,1.00,0.00,25.90
imagem_1753,1.00,0.00,25.88
imagem_1754,1.00,0.00,25.80
imagem_1755,1.00,0.00,25.70
imagem_1756,1.00,0.00,25.64
imagem_1757,1.00,0.00,25.64
imagem_1758,1.00,0.00,25.62
imagem_1759,1.00,0.00,25.54
imagem_1760,1.00,0.00,25.49
imagem_1761,1.00,0.00,25.49
imagem_1762,1.00,0.00,25.47
imagem_1763,1.00,0.00,25.39
imagem_1764,1.00,0.00,25.34
imagem_1765,1.00,0.00,25.34
imagem_1766,1.00,0.00,25.32
imagem_1767,1.00,0.00,25.24
imagem_1768,-1.00,0.00,25.19
imagem_1769,-1.00,0.00,25.19
imagem_1770,-1.00,0.00,25.17
imagem_1771,-1.00,0.00,25.10
imagem_1772,-1.00,0.00,24.99
imagem_1773,-1.00,0.00,24.82
imagem_1774,-1.00,0.00,24.61
imagem_1775,-1.00,0.00,24.41
imagem_1776,-1.00,0.00,24.27
imagem_1777,-1.00,0.00,24.23
imagem_1778,-1.00,0.00,24.13
imagem_1779,-1.00,0.00,24.58
imagem_1780,-1.00,0.00,24.57
imagem_1781,-1.00,0.00,24.56
imagem_1782,-1.00,0.00,24.49
imagem_1783,-1.00,0.00,24.39
imagem_1784,-1.00,0.00,24.23
imagem_1785,-1.00,0.00,24.03
imagem_1786,-1.00,0.00,23.82
imagem_1787,-1.00,0.00,23.71
imagem_1788,-1.00,0.00,23.68
imagem_1789,-1.00,0.00,23.58
imagem_1790,-1.00,0.00,23.56
imagem_1791,-1.00,0.00,23.99
imagem_1792,-1.00,0.00,23.99
imagem_1793,-1.00,0.00,23.97
imagem_1794,-1.00,0.00,23.90
imagem_1795,-1.00,0.00,23.81
imagem_1796,1.00,0.00,23.77
imagem_1797,1.00,0.00,23.77
imagem_1798,1.00,0.00,23.75
imagem_1799,1.00,0.00,23.68
imagem_1800,-1.00,0.00,23.63
imagem_1801,-1.00,0.00,23.63
imagem_1802,-1.00,0.00,23.61
imagem_1803,-1.00,0.00,23.54
imagem_1804,-1.00,0.00,23.45
imagem_1805,1.00,0.00,23.40
imagem_1806,1.00,0.00,23.40
imagem_1807,1.00,0.00,23.39
imagem_1808,1.00,0.00,23.32
imagem_1809,1.00,0.00,23.22
imagem_1810,-1.00,0.00,23.17
imagem_1811,-1.00,0.00,23.17
imagem_1812,-1.00,0.00,23.15
imagem_1813,-1.00,0.00,23.08
imagem_1814,1.00,0.00,22.62
imagem_1815,1.00,0.00,22.62
imagem_1816,1.00,0.00,22.61
imagem_1817,1.00,0.00,22.54
imagem_1818,1.00,0.00,22.45
imagem_1819,1.00,0.00,22.29
imagem_1820,1.00,0.00,22.11
imagem_1821,1.00,0.00,22.25
imagem_1822,1.00,0.00,22.25
imagem_1823,1.00,0.00,22.23
imagem_1824,1.00,0.00,22.17
imagem_1825,1.00,0.00,22.08
imagem_1826,1.00,0.00,21.92
imagem_1827,1.00,0.00,21.72
imagem_1828,1.00,0.00,21.72
imagem_1829,1.00,0.00,21.71
imagem_1830,1.00,0.00,21.64
imagem_1831,1.00,0.00,21.36
imagem_1832,1.00,0.00,21.36
imagem_1833,1.00,0.00,21.34
imagem_1834,1.00,0.00,21.28
imagem_1835,1.00,0.00,21.19
imagem_1836,1.00,0.00,20.94
imagem_1837,1.00,0.00,20.94
imagem_1838,1.00,0.00,20.93
imagem_1839,1.00,0.00,20.86
imagem_1840,1.00,0.00,20.78
imagem_1841,1.00,0.00,19.64
imagem_1842,1.00,0.00,19.64
imagem_1843,1.00,0.00,19.63
imagem_1844,1.00,0.00,19.57
imagem_1845,1.00,0.00,19.34
imagem_1846,1.00,0.00,19.34
imagem_1847,1.00,0.00,19.32
imagem_1848,1.00,0.00,19.26
imagem_1849,1.00,0.00,20.27
imagem_1850,1.00,0.00,20.27
imagem_1851,1.00,0.00,20.26
imagem_1852,1.00,0.00,20.20
imagem_1853,1.00,0.00,20.14
imagem_1854,1.00,0.00,20.14
imagem_1855,1.00,0.00,20.13
imagem_1856,1.00,0.00,20.07
imagem_1857,1.00,0.00,20.03
imagem_1858,1.00,0.00,20.03
imagem_1859,1.00,0.00,20.01
imagem_1860,1.00,0.00,19.95
imagem_1861,1.00,0.00,19.88
imagem_1862,1.00,0.00,18.37
imagem_1863,1.00,0.00,18.37
imagem_1864,1.00,0.00,18.36
imagem_1865,1.00,0.00,18.30
imagem_1866,1.00,0.00,18.22
imagem_1867,1.00,0.00,18.08
imagem_1868,1.00,0.00,17.45
imagem_1869,1.00,0.00,17.45
imagem_1870,1.00,0.00,17.43
imagem_1871,1.00,0.00,17.38
imagem_1872,1.00,0.00,17.33
imagem_1873,1.00,0.00,17.33
imagem_1874,1.00,0.00,17.32
imagem_1875,1.00,0.00,17.27
